{"cameraMode":{"drawMode":0,"name":"Shaded","section":"Shading Mode"},"sceneLighting":false,"audioPlay":false,"sceneViewState":{"showFog":true,"showMaterialUpdate":false,"showSkybox":false,"showFlares":true,"showImageEffects":true,"showParticleSystems":true},"in2DMode":false,"pivot":{"x":-6.550000190734863,"y":-8.289904594421387,"z":11.380000114440918},"rotation":{"x":-0.4690498113632202,"y":0.023318393155932428,"z":-0.012388563714921475,"w":-0.8827815651893616},"size":16.000513076782228,"orthographic":false}