{"cameraMode":{"drawMode":0,"name":"Shaded","section":"Shading Mode"},"sceneLighting":true,"audioPlay":false,"sceneViewState":{"showFog":true,"showMaterialUpdate":false,"showSkybox":true,"showFlares":true,"showImageEffects":true,"showParticleSystems":true},"in2DMode":false,"pivot":{"x":-4.2232666015625,"y":-8.489076614379883,"z":9.167449951171875},"rotation":{"x":0.4893696904182434,"y":0.07307349890470505,"z":-0.04121403396129608,"w":0.8681275844573975},"size":32.694095611572269,"orthographic":false}