{"cameraMode":{"drawMode":0,"name":"Shaded","section":"Shading Mode"},"sceneLighting":false,"audioPlay":false,"sceneViewState":{"showFog":true,"showMaterialUpdate":false,"showSkybox":false,"showFlares":true,"showImageEffects":true,"showParticleSystems":true},"in2DMode":false,"pivot":{"x":85.3181381225586,"y":-12.99753475189209,"z":12.018756866455079},"rotation":{"x":0.19719938933849336,"y":-0.32107535004615786,"z":0.0685291439294815,"w":0.9237752556800842},"size":4.041658401489258,"orthographic":false}