{"cameraMode":{"drawMode":0,"name":"Shaded","section":"Shading Mode"},"sceneLighting":true,"audioPlay":false,"sceneViewState":{"showFog":true,"showMaterialUpdate":false,"showSkybox":true,"showFlares":true,"showImageEffects":true,"showParticleSystems":true},"in2DMode":false,"pivot":{"x":1.0542219877243043,"y":1.1194308996200562,"z":-1.4920414686203004},"rotation":{"x":0.04964243248105049,"y":-0.9504683613777161,"z":0.21633338928222657,"w":0.21781350672245027},"size":4.28508186340332,"orthographic":false}