{"cameraMode":{"drawMode":0,"name":"Shaded","section":"Shading Mode"},"sceneLighting":false,"audioPlay":false,"sceneViewState":{"showFog":true,"showMaterialUpdate":false,"showSkybox":false,"showFlares":true,"showImageEffects":true,"showParticleSystems":true},"in2DMode":false,"pivot":{"x":-0.00016183988191187382,"y":-0.003913952969014645,"z":-0.0077063776552677158},"rotation":{"x":0.08651871979236603,"y":-0.9098052382469177,"z":0.24036014080047608,"w":0.3272400200366974},"size":0.08508194237947464,"orthographic":false}