{"cameraMode":{"drawMode":0,"name":"Shaded","section":"Shading Mode"},"sceneLighting":false,"audioPlay":false,"sceneViewState":{"showFog":true,"showMaterialUpdate":false,"showSkybox":false,"showFlares":true,"showImageEffects":true,"showParticleSystems":true},"in2DMode":false,"pivot":{"x":-5.014787673950195,"y":7.028228759765625,"z":2.8802847862243654},"rotation":{"x":-0.008561836555600167,"y":0.9826897978782654,"z":0.046896543353796008,"w":0.179124653339386},"size":4.5367560386657719,"orthographic":false}