{"cameraMode":{"drawMode":0,"name":"Shaded","section":"Shading Mode"},"sceneLighting":true,"audioPlay":false,"sceneViewState":{"showFog":true,"showMaterialUpdate":false,"showSkybox":true,"showFlares":true,"showImageEffects":true,"showParticleSystems":true},"in2DMode":false,"pivot":{"x":0.006307125091552734,"y":2.892235040664673,"z":-0.013331502676010132},"rotation":{"x":0.051196951419115069,"y":0.05987722799181938,"z":-0.0030769668519496919,"w":0.9969723224639893},"size":11.973726272583008,"orthographic":false}