{"cameraMode":{"drawMode":0,"name":"Shaded","section":"Shading Mode"},"sceneLighting":false,"audioPlay":false,"sceneViewState":{"showFog":true,"showMaterialUpdate":false,"showSkybox":false,"showFlares":true,"showImageEffects":true,"showParticleSystems":true},"in2DMode":false,"pivot":{"x":85.21852111816406,"y":-11.482388496398926,"z":12.299903869628907},"rotation":{"x":0.3725936710834503,"y":0.450202077627182,"z":-0.21433430910110475,"w":0.7826793789863586},"size":0.7416588664054871,"orthographic":false}