{"cameraMode":{"drawMode":0,"name":"Shaded","section":"Shading Mode"},"sceneLighting":false,"audioPlay":false,"sceneViewState":{"showFog":true,"showMaterialUpdate":false,"showSkybox":false,"showFlares":true,"showImageEffects":true,"showParticleSystems":true},"in2DMode":false,"pivot":{"x":-3.9100000858306886,"y":8.800000190734864,"z":0.08000004291534424},"rotation":{"x":0.43162527680397036,"y":-0.01894070766866207,"z":0.00906544178724289,"w":0.901810884475708},"size":6.102415561676025,"orthographic":false}