{"cameraMode":{"drawMode":0,"name":"Shaded","section":"Shading Mode"},"sceneLighting":false,"audioPlay":false,"sceneViewState":{"showFog":true,"showMaterialUpdate":false,"showSkybox":false,"showFlares":true,"showImageEffects":true,"showParticleSystems":true},"in2DMode":false,"pivot":{"x":121.59892272949219,"y":157.1065216064453,"z":-278.832275390625},"rotation":{"x":0.2459348738193512,"y":-0.45116177201271059,"z":0.1308557689189911,"w":0.8478676676750183},"size":4.5367560386657719,"orthographic":false}