{"cameraMode":{"drawMode":0,"name":"Shaded","section":"Shading Mode"},"sceneLighting":true,"audioPlay":false,"sceneViewState":{"showFog":true,"showMaterialUpdate":false,"showSkybox":true,"showFlares":true,"showImageEffects":true,"showParticleSystems":true},"in2DMode":false,"pivot":{"x":4.633294582366943,"y":4.570252418518066,"z":-0.4234626293182373},"rotation":{"x":-0.2510276734828949,"y":-0.41084936261177065,"z":0.11875580996274948,"w":-0.8683902025222778},"size":9.453109741210938,"orthographic":false}