{"cameraMode":{"drawMode":0,"name":"Shaded","section":"Shading Mode"},"sceneLighting":false,"audioPlay":false,"sceneViewState":{"showFog":true,"showMaterialUpdate":false,"showSkybox":false,"showFlares":true,"showImageEffects":true,"showParticleSystems":true},"in2DMode":false,"pivot":{"x":-1.8656519651412964,"y":-1.5573006868362427,"z":0.21458257734775544},"rotation":{"x":0.2050568163394928,"y":-0.6939990520477295,"z":0.21717917919158936,"w":0.6551318168640137},"size":7.503320217132568,"orthographic":false}