{"cameraMode":{"drawMode":0,"name":"Shaded","section":"Shading Mode"},"sceneLighting":false,"audioPlay":false,"sceneViewState":{"showFog":true,"showMaterialUpdate":false,"showSkybox":false,"showFlares":true,"showImageEffects":true,"showParticleSystems":true},"in2DMode":false,"pivot":{"x":122.71530151367188,"y":157.0388641357422,"z":-278.4875183105469},"rotation":{"x":0.25788414478302,"y":-0.2305808961391449,"z":0.06351236253976822,"w":0.936124324798584},"size":2.541658639907837,"orthographic":false}