{"cameraMode":{"drawMode":0,"name":"Shaded","section":"Shading Mode"},"sceneLighting":true,"audioPlay":false,"sceneViewState":{"showFog":true,"showMaterialUpdate":false,"showSkybox":true,"showFlares":true,"showImageEffects":true,"showParticleSystems":true},"in2DMode":false,"pivot":{"x":-2.371713161468506,"y":-2.764878749847412,"z":-8.024023056030274},"rotation":{"x":-0.029164528474211694,"y":0.966953694820404,"z":-0.21764947474002839,"w":-0.12956909835338593},"size":18.731216430664064,"orthographic":false}