{"cameraMode":{"drawMode":0,"name":"Shaded","section":"Shading Mode"},"sceneLighting":false,"audioPlay":false,"sceneViewState":{"showFog":true,"showMaterialUpdate":false,"showSkybox":false,"showFlares":true,"showImageEffects":true,"showParticleSystems":true},"in2DMode":false,"pivot":{"x":-13.832773208618164,"y":1.2799999713897706,"z":-5.960464477539063e-8},"rotation":{"x":0.4492795467376709,"y":-0.2959853708744049,"z":0.16070756316184998,"w":0.8275209069252014},"size":3.3284096717834474,"orthographic":false}