{"cameraMode":{"drawMode":0,"name":"Shaded","section":"Shading Mode"},"sceneLighting":false,"audioPlay":false,"sceneViewState":{"showFog":true,"showMaterialUpdate":false,"showSkybox":false,"showFlares":true,"showImageEffects":true,"showParticleSystems":true},"in2DMode":false,"pivot":{"x":-2.9646153450012209,"y":-1.5146875381469727,"z":0.32043933868408205},"rotation":{"x":-0.08471894264221192,"y":0.6545349955558777,"z":-0.07413279265165329,"w":-0.7476314902305603},"size":6.2177934646606449,"orthographic":false}