{"cameraMode":{"drawMode":0,"name":"Shaded","section":"Shading Mode"},"sceneLighting":false,"audioPlay":false,"sceneViewState":{"showFog":true,"showMaterialUpdate":false,"showSkybox":false,"showFlares":true,"showImageEffects":true,"showParticleSystems":true},"in2DMode":false,"pivot":{"x":-0.11271429061889649,"y":-0.007086985278874636,"z":1.6888376474380494},"rotation":{"x":0.022795233875513078,"y":-0.03300134465098381,"z":0.0007457156898453832,"w":0.9992783665657044},"size":3.8077752590179445,"orthographic":false}